Product Link,Image URL,Product Name,Product Price,Rating,Number of Ratings,Specifications
https://www.daraz.com.np/products/dell-vostro-3520-i5-12th-gen-16gb-ram-512gb-ssd-156-120hz-fhd-black-i129411877.html,https://img.drz.lazcdn.com/static/np/p/12f269cac9ccb49bc9dee129eef85f25.jpg_720x720q80.jpg_.webp,"Dell Vostro 3520 i5 12th Gen | 16GB RAM | 512GB SSD | 15.6"" 120Hz FHD | Black","Rs. 71,999",4.5,24 Ratings,Brand: No Brand; SKU: 129411877_NP-1037407894; Wireless Connectivity: WIFI + Bluetooth; Display Size: 15.6 Inch; Operating System: DOS; CPU Cores: Not Specified; Ram Memory: 16GB; Model No.: Vostro 3520; Touch Pad: Yes; Storage Capacity: 512GB; Processor: Intel Core i5; Storage Type: SSD; Touch: No; Generation: 12th
https://www.daraz.com.np/products/dell-vostro-3520-i3-12th-gen-16gb-ram-512gb-ssd-156-120hz-fhd-display-laptop-i129017788.html,https://img.drz.lazcdn.com/static/np/p/7cbe0fe6b4ddc40fdb753bdba2f29980.jpg_720x720q80.jpg_.webp,"Dell Vostro 3520 i3 12th Gen | 16GB RAM | 512GB SSD | 15.6"" 120Hz FHD Display Laptop","Rs. 55,999",4.8,16 Ratings,Brand: No Brand; SKU: 129017788_NP-1037011250; Ram Memory: 16GB; Operating System: DOS; Generation: 12th; CPU Cores: Not Specified; Storage Capacity: 512GB; Display Size: 15.6 Inch; Processor: Intel Core i3
https://www.daraz.com.np/products/dell-vostro-3520-i3-12th-gen-8gb-ram512gb-ssd156-display-i118372728.html,https://img.drz.lazcdn.com/static/np/p/8ea221d202574391775104cde81ef499.jpg_720x720q80.jpg_.webp,Dell Vostro 3520 I3-12th gen 8GB RAM/512GB SSD/15.6 Display,"Rs. 58,000",4.0,24 Ratings,Brand: No Brand; SKU: 118372728_NP-1032434216; Display Size: 15.6 Inch; Operating System: Windows; CPU Cores: Quad Core; Ram Memory: 8GB; Storage Capacity: 512GB; Processor: Intel Core i3; Generation: 12th
https://www.daraz.com.np/products/lenovo-v15-celeron-4gb-ram-256gb-ssd156-inch-hd-display-i117911554.html,https://img.drz.lazcdn.com/static/np/p/da3457614406a37b9ba9158695f663d6.jpg_720x720q80.jpg_.webp,"Lenovo V15 celeron 4GB RAM 256GB SSD,15.6 inch HD Display","Rs. 33,998",4.4,23 Ratings,Brand: No Brand; SKU: 117911554_NP-1032329631; Ram Memory: 4GB; Operating System: Windows; Generation: Not Specified; CPU Cores: Dual Core; Storage Capacity: 256GB; Display Size: 15.6 Inch; Processor: Intel Celeron
https://www.daraz.com.np/products/lenovo-ideapad-1-15lgl7-11thgen-intel-celeron-n4020-8gb-ddr4-ram-256gb-ssd-156-hd-display-i129279800.html,https://img.drz.lazcdn.com/static/np/p/4a09c6550e0989e7844d1f38505395ef.jpg_720x720q80.jpg_.webp,"Lenovo Ideapad 1 15lGL7 11thGen Intel Celeron N4020 8GB DDR4 RAM 256GB SSD 15.6""' HD Display","Rs. 36,497",5.0,3 Ratings,Brand: No Brand; SKU: 129279800_NP-1037302130; Display Size: 15.6 Inch; Operating System: Windows; CPU Cores: Dual Core; Ram Memory: 8GB; Model No.: Lenovo Ideapad 1; Storage Capacity: 256GB; Processor: Intel Celeron; Generation: Not Specified
https://www.daraz.com.np/products/dell-vostro-3520-i5-12th-gen-8gb-ram-256gb-ssd-156-120hz-fhd-black-i128524301.html,https://img.drz.lazcdn.com/static/np/p/be5ecea293e22b1679b2f5b5265b7d0f.jpg_720x720q80.jpg_.webp,"Dell Vostro 3520 i5 12th Gen | 8GB RAM | 256GB SSD | 15.6"" 120Hz FHD | Black","Rs. 66,999",5.0,8 Ratings,Brand: No Brand; SKU: 128524301_NP-1036048549; Ram Memory: 8GB; Operating System: DOS; Generation: 12th; CPU Cores: Not Specified; Storage Capacity: 256GB; Display Size: 15.6 Inch; Processor: Intel Core i5
https://www.daraz.com.np/products/lenovo-ideapad-slim-3i-2023-15-i3-13th-gen-8gb-ram-256gb-156-fhd-display-i128155035.html,https://img.drz.lazcdn.com/static/np/p/fb998e67a12f9484b9261c29250279a4.jpg_720x720q80.jpg_.webp,"Lenovo IdeaPad Slim 3i 2023 15 i3 13Th Gen / 8GB RAM / 256GB / 15.6"" FHD display","Rs. 51,996",3.0,2 Ratings,Brand: No Brand; SKU: 128155035_NP-1035244616; Display Size: 14 Inch; Operating System: Windows; CPU Cores: Not Specified; Ram Memory: 8GB; Storage Capacity: 256GB; Processor: Intel Core i3; Generation: 13th
https://www.daraz.com.np/products/dell-vostro-3520-core-i5-12th-gen-16gb-ram512-gb-ssd156-fhdwin-11-i129919581.html,https://img.drz.lazcdn.com/static/np/p/aa83c6854a930dc4d193523a6cebfd14.jpg_720x720q80.jpg_.webp,"Dell Vostro 3520 Core i5 12th Gen/ 16GB RAM/512 GB SSD/15.6"" FHD/Win 11","Rs. 69,490",4.3,3 Ratings,
https://www.daraz.com.np/products/acer-swift-go-14-intel-evo-i5-13th-gen-13500h-16gb-ddr5-ram-512gb-nvme-ssd-intel-integrated-graphics-14inch-28k-oled-2880-x-1800-400nits-display-backlit-keyboard-silver-i128946946.html,https://img.drz.lazcdn.com/static/np/p/07f729936a661cce541613f92f8aa8b6.png_720x720q80.png_.webp,Acer Swift Go 14 Intel Evo i5 13th Gen 13500H – 16GB DDR5 RAM – 512GB NVMe SSD – Intel Integrated Graphics – 14inch 2.8K OLED ( 2880 x 1800 ) 400nits Display – Backlit Keyboard - Silver,"Rs. 104,999",4.8,5 Ratings,
https://www.daraz.com.np/products/dell-latitude-e5400-i5-8th-gen-8-gb-ram-256-gb-ssd-14-screen-i129314954.html,https://img.drz.lazcdn.com/static/np/p/135328fd4e4b7f3ba21f273ef426a175.jpg_720x720q80.jpg_.webp,"Dell Latitude E5400 I5-8th Gen | 8 GB RAM | 256 GB SSD | 14"" Screen","Rs. 45,499",5.0,1 Ratings,Brand: No Brand; SKU: 129314954_NP-1037338595; Display Size: 14 Inch; Operating System: Windows 10; CPU Cores: Quad Core; Ram Memory: 8GB; Storage Capacity: 256GB; Processor: Intel Core i5; Generation: 8th
https://www.daraz.com.np/products/msi-gf63-thin-10sc-10th-gen-core-i7-10750h-8gb-ram-512gb-nvme-ssd-nvidia-gtx-1650-4gb-win-10-light-weight-i114885481.html,https://img.drz.lazcdn.com/static/np/p/285603c751bd887638fa706137234252.jpg_720x720q80.jpg_.webp,MSI GF63 Thin 10SC | 10th Gen Core i7-10750H | 8GB RAM | 512GB NVMe SSD | NVIDIA GTX 1650-4GB | Win 10 | Light Weight,"Rs. 97,000",0,No Ratings,Brand: MSI; SKU: 114885481_NP-1031311875; Wireless Connectivity: WIFI + Bluetooth; Display Size: 15.6 Inch; Operating System: Windows; CPU Cores: Octa Core; Model No.: MSI GF63 Thin 10SC-i7; Processor: Intel; Storage Type: SSD; Generation: 10th
https://www.daraz.com.np/products/asus-e410m-ek-celeron-n401214ws-4gb-am64gb256gb-ssd14fhd-i128121765.html,https://img.drz.lazcdn.com/static/np/p/1d3c7c4cdfdf87404ac8601076ddd76c.png_720x720q80.png_.webp,Asus E410M-EK Celeron N401214WS 4GB AM/64GB+256GB SSD/14FHD,"Rs. 33,998",5.0,1 Ratings,Brand: No Brand; SKU: 128121765_NP-1035259353; Operating System: Windows; Generation: Not Specified; Display Size: 14 Inch; Processor: Celeron Dual core
https://www.daraz.com.np/products/dell-vostro-3520-core-i5-12th-gen-12gb-ram512-gb-ssd156-fhdwin-11-i129162509.html,https://img.drz.lazcdn.com/static/np/p/aa83c6854a930dc4d193523a6cebfd14.jpg_720x720q80.jpg_.webp,"Dell Vostro 3520 Core i5 12th Gen/ 12GB RAM/512 GB SSD/15.6"" FHD/Win 11","Rs. 67,990",3.0,2 Ratings,
https://www.daraz.com.np/products/xlab-x-book-series-xl-156p-laptop-accessories-security-software-i110403940.html,https://img.drz.lazcdn.com/static/np/p/d5baf62a6c8082c266e9a57d97961203.jpg_720x720q80.jpg_.webp,xLab x-Book Series XL-156P Laptop + Accessories + Security & Software,"Rs. 49,999",0,No Ratings,Brand: XLAB; SKU: 110403940_NP-1029929443; Ram Memory: 8GB; Operating System: Windows 10; Generation: 10th; CPU Cores: Quad Core; Storage Capacity: 256GB; Touch Pad: Yes; Display Size: 15.6 Inch; Wireless Connectivity: WIFI + Bluetooth; Processor: Intel Core i3; Model No.: XL-156P
https://www.daraz.com.np/products/dell-latitude-e5300-i5-8th-gen-8gb-256-ssd-133-ultrabook-i128496077.html,https://img.drz.lazcdn.com/static/np/p/02e20682c9489ceadb7a4f3bf8f1f2a8.jpg_720x720q80.jpg_.webp,Dell Latitude E5300 i5-8th Gen 8GB 256 SSD 13.3″ Ultrabook,"Rs. 44,999",4.6,5 Ratings,Brand: No Brand; SKU: 128496077_NP-1037571755; Ram Memory: 8GB; Operating System: Windows 10; Generation: 8th; CPU Cores: Dual Core; Storage Capacity: 256GB; Display Size: 13.3 Inch; Processor: Intel Core i5
https://www.daraz.com.np/products/dell-latitude-5300-business-laptop-133-fhd1920x1080-intel-core-i5-8365u-16ghz-up-to-41ghz-8gb-ddr4-ram-256gb-ssd-backlit-keyboard-i161601893.html,https://img.drz.lazcdn.com/static/np/p/0ea20fc7b11a687f6bd8376f6ce7cea8.jpg_720x720q80.jpg_.webp,"Dell Latitude 5300 Business Laptop, 13.3"" FHD(1920x1080), Intel Core i5-8365U 1.6GHz up to 4.1GHz, 8GB DDR4 RAM, 256GB SSD, Backlit Keyboard","Rs. 35,500",0,No Ratings,
https://www.daraz.com.np/products/macbook-pro-16-inch-m3-pro-2023-12c-cpu-18c-gpu-36gb-512-i147525377.html,https://img.drz.lazcdn.com/static/np/p/f9db58a62417e4eece2be453b81b75d9.jpg_720x720q80.jpg_.webp,"MacBook Pro (16-Inch, M3 Pro, 2023) 12C CPU - 18C GPU, 36GB, 512","Rs. 479,000",0,No Ratings,Brand: No Brand; SKU: 147525377_NP-1100016869; Display Size: 16 Inch; Operating System: Mac OS; Processor: Not Specified; Generation: Not Specified
https://www.daraz.com.np/products/msi-gf63-9scsr-i5-9th-gen-8gb-ram-256gb-ssd-gtx-1650ti-156-fhd-144hz-i123290261.html,https://img.drz.lazcdn.com/static/np/p/423641cf86773459b3bd95d80a429dd6.jpg_720x720q80.jpg_.webp,"MSI GF63 9SCSR I5 9TH GEN/ 8GB RAM/ 256GB SSD / GTX 1650TI / 15.6"" FHD 144Hz","Rs. 125,000",0,No Ratings,Brand: No Brand; SKU: 123290261_NP-1033497516; Display Size: 15.6 Inch; Operating System: Windows; Generation: 9th; Processor: Intel Core i5
https://www.daraz.com.np/products/lenovo-v15-celeron-laptop-4gb256gb-ssd156-inch-display-i128162455.html,https://img.drz.lazcdn.com/static/np/p/ba8fdcad47c30abf6b5b7f5506dbae01.jpg_720x720q80.jpg_.webp,"Lenovo V15 celeron Laptop 4GB,256GB SSD,15.6 inch Display","Rs. 33,997",2.5,2 Ratings,Brand: No Brand; SKU: 128162455_NP-1035265747; Storage Capacity: 256GB; Ram Memory: 4GB; Display Size: 15.6 Inch; Operating System: Windows; Generation: Not Specified; Processor: Intel Celeron; CPU Cores: Dual Core
https://www.daraz.com.np/products/dell-vostro-3520-i3-12th-gen-8gb-ram-512gb-ssd-156-fhd-120hz-display-laptop-i128509518.html,https://img.drz.lazcdn.com/static/np/p/be5ecea293e22b1679b2f5b5265b7d0f.jpg_720x720q80.jpg_.webp,"Dell Vostro 3520 i3 12th Gen | 8GB RAM | 512GB SSD | 15.6"" FHD 120Hz Display Laptop","Rs. 54,999",5.0,3 Ratings,Brand: No Brand; SKU: 128509518_NP-1036030849; Ram Memory: 8GB; Operating System: DOS; Generation: 12th; CPU Cores: Not Specified; Storage Capacity: 512GB; Display Size: 15.6 Inch; Processor: Intel Core i3
https://www.daraz.com.np/products/lenovo-ideapad-1-celeron-n4020-8gb-ram-256gb-ssd-14-i128067990.html,https://img.drz.lazcdn.com/static/np/p/38ec5021adf650d6449dc698abcc2e86.jpg_720x720q80.jpg_.webp,Lenovo Ideapad 1 | Celeron N4020 | 8GB RAM | 256GB SSD | 14″,"Rs. 35,999",4.0,1 Ratings,Brand: No Brand; SKU: 128067990_NP-1035134802; Ram Memory: 8GB; Operating System: Windows; Generation: ; CPU Cores: 
https://www.daraz.com.np/products/asus-vivobook-15-x1504va-core-i5-1335u-13th-gen-8-gb-ram-512-gb-ssd156-fhd-backlit-keyboard-fp-reader-win-11-2-years-warranty-i144257249.html,https://img.drz.lazcdn.com/static/np/p/c975ad3e0d5ee065328e48f81251322b.png_720x720q80.png_.webp,"Asus Vivobook 15 X1504VA Core i5- 1335U 13th Gen / 8 GB RAM/ 512 GB SSD/15.6"" FHD / Backlit Keyboard/ FP Reader/ Win 11/ 2 Years Warranty","Rs. 90,990",5.0,1 Ratings,Brand: No Brand; SKU: 144257249_NP-1089707689; Ram Memory: 8GB; Operating System: Windows; Generation: 13th; CPU Cores: Dodeca Core; Storage Capacity: 512GB; Display Size: 15.6 Inch; Processor: 
https://www.daraz.com.np/products/lenovo-loq-15-amd-ryzen-7-7435hs-rtx-4060-8gb-graphics-16gb-ddr5-ram-512gb-nvme-ssd-156-fhd-144hz-display-backlit-keyboard-windows-11-home-i146182078.html,https://img.drz.lazcdn.com/static/np/p/729dcf4fd6c5a3d5ae0ddb6935d5c47a.jpg_720x720q80.jpg_.webp,Lenovo LOQ 15 AMD Ryzen 7 7435HS RTX 4060 8GB Graphics – 16GB DDR5 RAM – 512GB NVMe SSD – 15.6″ FHD 144Hz Display – Backlit Keyboard – Windows 11 Home,"Rs. 149,999",5.0,1 Ratings,
https://www.daraz.com.np/products/acer-predator-helios-300-i7-11th-gen-rtx-3060-16gb-ram-1tb-ssd-156-qhd-165hz-display-i128486228.html,https://img.drz.lazcdn.com/static/np/p/b12e31f4b4dee3d765fd2150ba3f25e0.jpg_720x720q80.jpg_.webp,"Acer Predator Helios 300 / i7 11th Gen / RTX 3060 / 16GB RAM / 1TB SSD /15.6"" QHD 165Hz Display","Rs. 149,490",5.0,1 Ratings,Brand: No Brand; SKU: 128486228_NP-1035975940; Display Size: 15.6 Inch; Processor: Intel Core i7; Operating System: Windows; Generation: 11th
https://www.daraz.com.np/products/hp-laptop-14-13th-gen-intel-core-i3-1315u-14-inch-fhd-8gb-ddr4-512gb-ssdintel-uhd-graphics-i163584515.html,https://img.drz.lazcdn.com/static/np/p/588a5bb899827fef885ebbd6de768191.jpg_720x720q80.jpg_.webp,"HP Laptop 14 (13th Gen Intel Core i3-1315U ,14-inch FHD, 8GB DDR4, 512GB SSD,Intel UHD Graphics)","Rs. 57,500",0,No Ratings,Brand: No Brand; SKU: 163584515_NP-1160199939; Storage Capacity: 512GB; Ram Memory: 8GB; Display Size: 14 Inch; Operating System: Windows
https://www.daraz.com.np/products/dell-latitude-e7490-laptop-i7-8th-gen-256-gb-ssd-8-gb-ram-ultrabook-i123539511.html,https://img.drz.lazcdn.com/g/kf/Sfc0311650837435a862af09eabdf107da.jpg_720x720q80.jpg_.webp,Dell Latitude E7490 Laptop I7-8th Gen 256 GB SSD 8 GB RAM Ultrabook,"Rs. 55,000",3.7,2 Ratings,Brand: No Brand; SKU: 123539511_NP-1047430421; Display Size: 13.3 Inch; Operating System: Windows 10; CPU Cores: Dual Core; Ram Memory: 8GB; Storage Capacity: 256GB; Processor: Intel Core i7; Generation: 8th
https://www.daraz.com.np/products/dell-vostro-3520-i3-12th-gen-16gb-ram-512gb-ssd-156-120hz-fhd-display-laptop-i135830908.html,https://img.drz.lazcdn.com/static/np/p/4231fe2b947981d380e7a257173705d9.jpg_720x720q80.jpg_.webp,"Dell Vostro 3520 i3 12th Gen | 16GB RAM | 512GB SSD | 15.6"" 120Hz FHD Display Laptop","Rs. 54,999",0,No Ratings,Brand: No Brand; SKU: 135830908_NP-1060964659; Ram Memory: 16GB; Operating System: Windows; Generation: 12th; CPU Cores: Hexa Core; Storage Capacity: 512GB; Display Size: 15.6 Inch; Processor: Intel Core i3
https://www.daraz.com.np/products/lenovo-ideapad-1-intel-celeron-processor-4-gb-ram-128-gb-ssd-14-inch-display-ote-i120789072.html,https://img.drz.lazcdn.com/static/np/p/89176848121e78a00f9abd454cde311c.jpg_720x720q80.jpg_.webp,Lenovo Ideapad 1 Intel Celeron Processor 4 GB RAM 128 GB SSD 14 inch Display - OTE,"Rs. 36,000",5.0,1 Ratings,Brand: Lenovo; SKU: 120789072_NP-1032930490; Ram Memory: 4GB; Operating System: Windows; Generation: 11th; CPU Cores: Dual Core; Storage Capacity: 128GB; Touch: No; Storage Type: SSD; Display Size: 14 Inch; Wireless Connectivity: WIFI + Bluetooth; Processor: Intel; Model No.: IP1
https://www.daraz.com.np/products/hp-14-intel-core-i3-13th-gen-8gb-ram-256gb-ssd-14-hd-screen-windows-11-home-moonlight-blue-laptop-i158705092.html,https://img.drz.lazcdn.com/static/np/p/7f4dcfb3f43e5d9551254a4416516f09.png_720x720q80.png_.webp,Hp 14 Intel Core i3 13th Gen | 8GB RAM |256GB SSD |14″ HD Screen | Windows 11 Home (Moonlight Blue) Laptop,"Rs. 51,990",0,No Ratings,Brand: ; SKU: 
https://www.daraz.com.np/products/dell-vostro-3530-intel-core-i5-13th-gen-1334u-16gb-ddr4-ram-512gb-nvme-ssd-intel-iris-xe-integrated-graphics-156-fhd-display-black-i154429078.html,https://img.drz.lazcdn.com/static/np/p/e003acaebeb1a178e1144e6aa5618833.jpg_720x720q80.jpg_.webp,Dell Vostro 3530 Intel Core i5 13th Gen 1334U – 16GB DDR4 RAM – 512GB NVMe SSD – Intel Iris Xe Integrated Graphics – 15.6” FHD Display – Black,"Rs. 75,999",0,No Ratings,
https://www.daraz.com.np/products/acer-swift-3-laptop-ryzen-7-5700u8gb512-gb14-fhdbacklit-keyboardwin-10-i110946950.html,https://img.drz.lazcdn.com/static/np/p/512e4be435597690ff602dc1936de2b9.jpg_720x720q80.jpg_.webp,"Acer Swift 3 Laptop /Ryzen 7 5700U/8GB/512 GB/14"" FHD/Backlit Keyboard/Win 10","Rs. 105,000",5.0,3 Ratings,Brand: No Brand; SKU: 110946950_NP-1030070955; Ram Memory: 8GB; Operating System: Windows; Generation: 11th; CPU Cores: Octa Core; Storage Capacity: 512GB; Display Size: 14 Inch; Processor: Ryzen 7
https://www.daraz.com.np/products/asus-zenbook-14-q407iq-laptop-ryzen-5-4500u-mx350-8gb-ram-256gb-ssd-14-fhd-display-i125215411.html,https://img.drz.lazcdn.com/static/np/p/eba2de6bb101e70fa552dd005c351edb.jpg_720x720q80.jpg_.webp,"Asus ZenBook 14 Q407IQ Laptop / Ryzen 5 4500U / MX350 / 8GB RAM / 256GB SSD / 14"" FHD display","Rs. 85,000",4.7,3 Ratings,Brand: No Brand; SKU: 125215411_NP-1033995702; Ram Memory: 8GB; Operating System: Windows 10; Generation: Not Specified; CPU Cores: Hexa Core; Storage Capacity: 256GB; Display Size: 14 Inch; Processor: Ryzen 5
https://www.daraz.com.np/products/acer-aspire-lite-i3-12th-gen-8gb-ram-512gb-ss-156fhd-i129691037.html,https://img.drz.lazcdn.com/static/np/p/c72d1e0fbe10ac5ae5990edb3788db5c.png_720x720q80.png_.webp,Acer Aspire lite i3-12th Gen 8GB RAM-512GB SS-15.6FHD,"Rs. 54,897",5.0,1 Ratings,Brand: No Brand; SKU: 129691037_NP-1037561198; Ram Memory: 8GB; Operating System: Windows; Generation: 12th; CPU Cores: Not Specified; Storage Capacity: 512GB; Display Size: 14 Inch; Processor: Intel Core i3
https://www.daraz.com.np/products/dell-7390-i7-8th-gen-16gb-ram-256gb-ssd-360-touchscreen-with-backlit-keyboard-i113806447.html,https://img.drz.lazcdn.com/static/np/p/7be76ce8a3f16b7e6dd5ad4e9104268a.jpg_720x720q80.jpg_.webp,Dell 7390 i7 8th Gen 16gb RAM 256gb SSD 360 Touchscreen With Backlit Keyboard,"Rs. 83,000",4.0,1 Ratings,Brand: No Brand; SKU: 113806447_NP-1030941456; Generation: 8th; CPU Cores: Quad Core; Wireless Connectivity: WIFI + Bluetooth; Processor: Intel Core i7; Model No.: Dell 7390; Ram Memory: 16GB; Operating System: Windows 10; Storage Capacity: 256GB; Touch: Yes; Storage Type: SSD; Touch Pad: Yes; Display Size: 13.3
https://www.daraz.com.np/products/acer-aspire-5-intel-core-i5-13th-gen-8gb-ram-512gb-ssd-156fhd-i128041232.html,https://img.drz.lazcdn.com/static/np/p/f4189dbc06b7132d5858d42f0bb23d5b.jpg_720x720q80.jpg_.webp,"Acer Aspire 5 Intel Core i5 13th Gen 8GB Ram 512GB SSD 15.6""FHD","Rs. 76,997",5.0,1 Ratings,Brand: No Brand; SKU: 128041232_NP-1035103047; Storage Capacity: 512GB; Ram Memory: 8GB; Display Size: 15.6 Inch; Operating System: Windows; Processor: Intel Core i5; Generation: 13th; CPU Cores: Deca Core
https://www.daraz.com.np/products/dell-vostro-3520-i5-12th-gen-8gb-ram-512gb-ssd-156-120hz-fhd-black-i128524305.html,https://img.drz.lazcdn.com/static/np/p/be5ecea293e22b1679b2f5b5265b7d0f.jpg_720x720q80.jpg_.webp,"Dell Vostro 3520 i5 12th Gen | 8GB RAM | 512GB SSD | 15.6"" 120Hz FHD | Black","Rs. 65,999",4.0,1 Ratings,Brand: No Brand; SKU: 128524305_NP-1036053292; Display Size: 15.6 Inch; Operating System: DOS; CPU Cores: Not Specified; Ram Memory: 8GB; Storage Capacity: 512GB; Processor: Intel Core i5; Generation: 12th
https://www.daraz.com.np/products/acer-swift-go-14-ryzen-5-7530u-16-gb-ddr4-ram-512-gb-ssd14-fhd-ipsamd-radeon-gfx-backlit-keyboard-win-11-i132164384.html,https://img.drz.lazcdn.com/static/np/p/3110ecc67188a134f9327f2c3945af08.jpg_720x720q80.jpg_.webp,"Acer Swift Go 14 Ryzen 5 - 7530U / 16 GB DDR4 RAM/ 512 GB SSD/14"" FHD IPS/AMD Radeon GFX/ Backlit Keyboard/ Win 11","Rs. 89,990",5.0,1 Ratings,Brand: No Brand; SKU: 132164384_NP-1040007437; Display Size: 14 Inch; Operating System: Windows; CPU Cores: ; Ram Memory: 
https://www.daraz.com.np/products/lenovo-v15-celeron-laptop-4gb256gb-ssd156-inch-display-i117885136.html,https://img.drz.lazcdn.com/g/kf/S1f8fd4089cb74f7790cef49e42c454d6M.jpg_720x720q80.jpg_.webp,"Lenovo V15 celeron Laptop 4GB,256GB SSD,15.6 inch Display","Rs. 33,999",4.7,2 Ratings,Brand: No Brand; SKU: 117885136_NP-1032319314; Storage Capacity: 256GB; Ram Memory: 4GB; Display Size: 15.6 Inch; Operating System: Windows; Processor: Intel Celeron; Generation: 9th; CPU Cores: Dual Core
https://www.daraz.com.np/products/dell-g5-15-5511-i5-11400h-8gb-256-ssd-nvidia-rtx-3050-4gb-gddr6-156-fhd-i112764063.html,https://img.drz.lazcdn.com/static/np/p/69a7b1ed48d139cd580248dde4ee6458.jpg_720x720q80.jpg_.webp,"Dell G5 15 5511 / i5-11400H / 8GB / 256 SSD / NVIDIA RTX 3050-4GB GDDR6 / 15.6"" FHD","Rs. 143,900",5.0,1 Ratings,
https://www.daraz.com.np/products/hp-envy-x360-14-i7-13th-gen-16gb-ram-1tb-ssd-14-fhd-360-touch-screen-display-i128206349.html,https://img.drz.lazcdn.com/static/np/p/5b429df891500c3c8d2a55a655945e16.jpg_720x720q80.jpg_.webp,"HP Envy x360 14 i7 13th Gen \ 16GB RAM \ 1TB SSD \ 14"" FHD 360 Touch Screen Display","Rs. 155,000",5.0,1 Ratings,Brand: No Brand; SKU: 128206349_NP-1035326458; Storage Capacity: 1TB; Ram Memory: 16GB; Display Size: 14 Inch; Operating System: Windows
https://www.daraz.com.np/products/dell-vostro-3520-i3-12th-gen-8gb-512ssd-156-fhd-120hz-screen-i129434941.html,https://img.drz.lazcdn.com/static/np/p/c9f01fbaf626402ad6f2fe46248c26f2.jpg_720x720q80.jpg_.webp,"Dell Vostro 3520 i3 12th Gen 8GB 512ssd 15.6"" FHD 120Hz Screen","Rs. 51,490",4.0,1 Ratings,Brand: No Brand; SKU: 129434941_NP-1037443439; Display Size: 15.6 Inch; Operating System: DOS; CPU Cores: Hexa Core; Ram Memory: 8GB; Storage Capacity: 512GB; Processor: Intel Core i3; Generation: 12th
https://www.daraz.com.np/products/dell-inspiron-15-3515-amd-ryzen-3-3250u-4gb-1tb-hdd-radeon-graphics-156-fhd-i116008834.html,https://img.drz.lazcdn.com/static/np/p/4574391d04e01276b43c6a97a4309a88.jpg_720x720q80.jpg_.webp,"Dell Inspiron 15 3515 / AMD Ryzen 3 3250U / 4GB / 1TB HDD / Radeon Graphics / 15.6"" FHD","Rs. 63,900",1.0,1 Ratings,
https://www.daraz.com.np/products/hp-pavilion-x360-14-core-i5-1035g1-8gb-ram-256gb-ssd-convertible-laptop-i114689725.html,https://img.drz.lazcdn.com/static/np/p/07413497d5014da05c070b38fce70f8f.jpg_720x720q80.jpg_.webp,"HP Pavilion X360 14"" Core i5 1035G1 8GB RAM 256GB SSD Convertible Laptop","Rs. 89,999",5.0,1 Ratings,
https://www.daraz.com.np/products/dell-vostro-3510-i5-1135g7-11th-gen-8gb-ram-256-gb-ssd-intel-uhd-graphic-156-fhd-i127232634.html,https://img.drz.lazcdn.com/static/np/p/30002df414f27bad3dab6cfe33a2c398.jpg_720x720q80.jpg_.webp,Dell Vostro 3510 i5-1135G7 11th Gen 8GB RAM 256 GB SSD Intel UHD Graphic 15.’’6 FHD,"Rs. 69,998",5.0,1 Ratings,Brand: No Brand; SKU: 127232634_NP-1034496587; Storage Capacity: 256GB; Ram Memory: 8GB; Display Size: 15.6 Inch; Operating System: Windows; Generation: 11th; Processor: Intel Core i5; CPU Cores: Quad Core
https://www.daraz.com.np/products/dell-vostro-i5-11th-gen-8512-i128194710.html,https://img.drz.lazcdn.com/static/np/p/7b17c9426a3601adc8377c7ea16056f6.jpg_720x720q80.jpg_.webp,Dell Vostro i5-11th Gen 8/512,"Rs. 79,999",4.0,1 Ratings,Brand: No Brand; SKU: 128194710_NP-1035310553; Display Size: 15.6 Inch; Operating System: Windows; CPU Cores: Not Specified; Ram Memory: 8GB; Storage Capacity: 512GB; Processor: Intel Core i5; Generation: 11th
https://www.daraz.com.np/products/honor-magicbook-x14-2023-12th-gen-intel-core-i5-12450h-8gb512gb-nvme-ssd-14-inch-3556-cm-fhd-ips-anti-glare-tl-laptopwin-11backlit-keyboardfingerprint-login143kg-gray-i128169275.html,https://img.drz.lazcdn.com/static/np/p/a64dab4047d54bde747fa1a2e05d8e65.jpg_720x720q80.jpg_.webp,"HONOR MagicBook X14 (2023), 12th Gen Intel Core i5-12450H (8GB/512GB NVMe SSD, 14-inch (35.56 cm) FHD IPS Anti-Glare T&L Laptop/Win 11/Backlit Keyboard/Fingerprint Login/1.43Kg), Gray","Rs. 119,000",5.0,1 Ratings,
https://www.daraz.com.np/products/hp-probook-440-g10-i5-13th-gen8gb-ram512gb-ssd14-hd-display-i128298982.html,https://img.drz.lazcdn.com/static/np/p/6126fe75744f7b158710219e00419be0.jpg_720x720q80.jpg_.webp,HP ProBook 440 G10 I5-13th Gen/8GB RAM/512GB SSD/14 HD Display,"Rs. 96,899",5.0,1 Ratings,Brand: No Brand; SKU: 128298982_NP-1035571225; Display Size: 14 Inch; Operating System: Windows; CPU Cores: Hexa Core; Ram Memory: 8GB; Storage Capacity: 512GB; Processor: Intel Core i5; Generation: 13th
https://www.daraz.com.np/products/lenovo-ideapad-slim-3-15amn8-amd-ryzen-5-7520u-processor-8gb-ram-512gb-ssd-156-fhd-1920-x-1080-ips-display-i158550462.html,https://img.drz.lazcdn.com/static/np/p/9a5a7e19e06eb3e0bf51dbfccc2846ab.png_720x720q80.png_.webp,"Lenovo IdeaPad Slim 3 15AMN8 (AMD Ryzen 5 7520U Processor | 8GB RAM | 512GB SSD | 15.6"" FHD (1920 x 1080) IPS Display","Rs. 68,000",0,No Ratings,
https://www.daraz.com.np/products/acer-aspire-5-15-2023-13th-gen-i5-16gb-ram-512gb-ssd-156-fhd-display-i163643128.html,https://img.drz.lazcdn.com/static/np/p/25ace86a5d953d3da7c137c1cf88c344.jpg_720x720q80.jpg_.webp,"Acer Aspire 5 15 2023 13th Gen i5 16GB RAM, 512GB SSD, 15.6"" FHD Display","Rs. 72,000",5.0,1 Ratings,
https://www.daraz.com.np/products/dell-latitude-e5300-2-in-1-360-fold-i5-8th-gen-8-gb-ram-256-gb-ssd-133-screen-i129532301.html,https://img.drz.lazcdn.com/g/kf/S3f7ca7e5e2d9467892388737d063c870L.jpg_720x720q80.jpg_.webp,"Dell Latitude E5300 2 in 1 360 Fold I5-8th Gen | 8 GB RAM | 256 GB SSD | 13.3"" Screen","Rs. 54,999",0,No Ratings,Brand: No Brand; SKU: 129532301_NP-1055727021; Display Size: 13.3 Inch; Operating System: Windows; CPU Cores: Quad Core; Ram Memory: 8GB; Storage Capacity: 256GB; Processor: Intel Core i5; Generation: 8th
https://www.daraz.com.np/products/asus-zenbook-14-um3402ya-2023-ryzen-5-7530-8gb-ram-512gb-nvme-ssd-14-2k-display-backlit-kb-magic-numpad-fingerprint-genuine-win-11-2-years-jade-black-nagmani-international-i127307372.html,https://img.drz.lazcdn.com/static/np/p/ea9351092272afa7e2011deb26bb0aaa.png_720x720q80.png_.webp,"Asus 2023 Zenbook 14 Um3402Ya - 7Th, Ryzen 5 7530, 8Gb Ram, 512Gb Nvme Ssd, 14"" 2K Display , Backlit Keyboard, Magic Numpad, Fingerprint, Genuine Win 11, 2 Years, Jade Black - Nagmani International","Rs. 118,900",5.0,1 Ratings,Brand: ASUS; SKU: 127307372_NP-1034511702; Ram Memory: 8GB; Operating System: Windows; Generation: 7th; CPU Cores: Not Specified; Storage Capacity: 512GB; Display Size: 14 Inch; Processor: AMD
https://www.daraz.com.np/products/acer-nitro-v-15-2023-intel-core-i5-13420h-16gb-ddr5-ram-512gb-ssd-nvidia-rtx-3050-6gb-graphics-card-156fhd-144hz-i163640213.html,https://img.drz.lazcdn.com/static/np/p/38fd1ece373b9cbb4a776e80e9809150.png_720x720q80.png_.webp,"Acer Nitro V 15 2023 Intel Core i5 13420H 16GB DDR5 RAM 512GB SSD NVIDIA RTX 3050 6GB Graphics Card 15.6""FHD 144Hz","Rs. 114,000",0,No Ratings,
https://www.daraz.com.np/products/acer-swift-go-14-intel-evo-i7-13th-gen-1355u-16gb-ddr5-ram-512gb-nvme-ssd-intel-integrated-graphics-14-1920-x-1200-touch-display-backlit-keyboard-fingerprint-windows-11-silver-i130050845.html,https://img.drz.lazcdn.com/static/np/p/25548143aa41ecf7ebbd370d3300ef5d.jpg_720x720q80.jpg_.webp,Acer Swift Go 14 Intel EVO i7 13th Gen 1355U – 16GB DDR5 RAM – 512GB NVMe SSD – Intel Integrated Graphics – 14″ ( 1920 x 1200 ) Touch Display – Backlit Keyboard – FingerPrint – Windows 11 – Silver,"Rs. 115,999",0,No Ratings,
https://www.daraz.com.np/products/acer-aspire-14-intel-core-5-14th-gen-120u-16gb-ddr5-ram-512gb-nvme-gen-4-ssd-intel-integrated-graphics-14-fhd-display-steel-grey-i164160221.html,https://img.drz.lazcdn.com/static/np/p/80b58b15d83c15ea66a22311d563ed46.jpg_720x720q80.jpg_.webp,Acer Aspire 14 Intel Core 5 14th Gen 120U – 16GB DDR5 RAM – 512GB NVMe Gen 4 SSD – Intel Integrated Graphics – 14″ FHD Display – Steel Grey,"Rs. 86,999",0,No Ratings,
https://www.daraz.com.np/products/acer-swift-go-14-ai-powered-intel-evo-ultra-7-155h-16gb-ddr5-ram-512gb-nvme-gen-4-ssd-intel-arc-graphics-14-28k-oled-display-backlit-keyboard-fingerprint-silver-i155609387.html,https://img.drz.lazcdn.com/static/np/p/d8fc24ab351b628b38b45b30d27c65f0.jpg_720x720q80.jpg_.webp,Acer Swift Go 14 AI Powered Intel EVO Ultra 7 155H – 16GB DDR5 RAM – 512GB NVMe Gen 4 SSD – Intel ARC Graphics – 14″ 2.8K OLED Display – Backlit Keyboard – Fingerprint – Silver,"Rs. 134,999",0,No Ratings,
https://www.daraz.com.np/products/dell-inspiron-15-3530-i5-13th-gen-1335u-8gb-512ssd-intel-uhd-fhd-i130182711.html,https://img.drz.lazcdn.com/static/np/p/f93ecc9e14330dbd52ea8c9468f57511.jpg_720x720q80.jpg_.webp,Dell Inspiron 15 3530 i5 13th Gen - 1335U | 8GB | 512SSD | Intel UHD | FHD,"Rs. 84,000",0,No Ratings,Brand: No Brand; SKU: 130182711_NP-1038083913; Wireless Connectivity: WIFI + Bluetooth; Display Size: 15.6 Inch; Operating System: Windows; CPU Cores: Deca Core; Ram Memory: 8GB; Model No.: 3530; Touch Pad: Yes; Storage Capacity: 512GB; Processor: Intel Core i5; Storage Type: SSD; Touch: No; Generation: 13th
https://www.daraz.com.np/products/hp-laptop-15s-eq2116au-amd-ryzen-5-5500u-512gb-ssd-8gb-ddr4-ram-156-inches-fhd-i125649324.html,https://img.drz.lazcdn.com/static/np/p/c780b749d6693762c0314df4c6f048b1.jpg_720x720q80.jpg_.webp,HP Laptop 15S-EQ2116AU| AMD Ryzen 5 5500U| 512GB SSD| 8GB DDR4 RAM| 15.6 Inches FHD,"Rs. 74,998",0,No Ratings,Brand: No Brand; SKU: 125649324_NP-1034073815; Storage Capacity: 512GB; Ram Memory: 8GB; Display Size: 15.6 Inch; Operating System: Windows; Processor: AMD; Generation: 11th; CPU Cores: Quad Core; Model No.: HP NOTEBOOK 15S EQ2116AU
https://www.daraz.com.np/products/acer-predator-helios-neo-16-i7-13th-gen-rtx-4060-16gb-ram-1tb-ssd-16-165hz-display-i128487163.html,https://img.drz.lazcdn.com/static/np/p/758a7bba15ab4d05024b1059151235d4.jpg_720x720q80.jpg_.webp,"Acer Predator Helios Neo 16 / i7 13th Gen / RTX 4060 / 16GB RAM / 1TB SSD / 16"" 165Hz Display","Rs. 196,490",0,No Ratings,Brand: No Brand; SKU: 128487163_NP-1035976835; Display Size: Not Specified; Processor: Intel Core i7; Operating System: Windows; Generation: 13th
https://www.daraz.com.np/products/asus-vivobook-x413ja-i3-10th-gen-4gb-ram-128gb-ssd-14-fhd-display-i125217418.html,https://img.drz.lazcdn.com/static/np/p/cca0d791c96dd119c805da9031de6da9.jpg_720x720q80.jpg_.webp,"Asus VivoBook X413JA i3 10th Gen 4GB RAM 128GB SSD 14"" FHD display","Rs. 59,000",0,No Ratings,Brand: No Brand; SKU: 125217418_NP-1033989937; Ram Memory: 4GB; Operating System: Windows 10; Generation: 10th; CPU Cores: Quad Core; Storage Capacity: 128GB; Display Size: 14 Inch; Processor: Intel Core i3
https://www.daraz.com.np/products/dell-vostro-3520-i5-12th-gen-8gb-ram-256gb-ssd-156-120hz-fhd-black-i135851575.html,https://img.drz.lazcdn.com/static/np/p/c0b1fce9b8c63a95663fac5b82790858.jpg_720x720q80.jpg_.webp,"Dell Vostro 3520 i5 12th Gen | 8GB RAM | 256GB SSD | 15.6"" 120Hz FHD | Black","Rs. 61,500",0,No Ratings,Brand: No Brand; SKU: 135851575_NP-1061015070; Ram Memory: 8GB; Operating System: Windows; Generation: 12th; CPU Cores: Deca Core; Storage Capacity: 256GB; Display Size: 15.6 Inch; Processor: Intel Core i5
https://www.daraz.com.np/products/acer-aspire-5-i7-12th-gen-8gb-ram-512gb-ssd-156-fhd-i128489193.html,https://img.drz.lazcdn.com/static/np/p/6ea74e7d7f8ba4946a9265ce7a33c0b5.jpg_720x720q80.jpg_.webp,Acer Aspire 5 i7 12th Gen 8GB RAM 512GB SSD 15.6″ FHD,"Rs. 115,000",0,No Ratings,Brand: No Brand; SKU: 128489193_NP-1035977819; Display Size: 15.6 Inch; CPU Cores: Octa Core; Ram Memory: 8GB; Storage Capacity: 512GB
https://www.daraz.com.np/products/hp-15s-eq2120au-ryzen7-8gb-ram512gb-ssdos-i125217430.html,https://img.drz.lazcdn.com/static/np/p/9289956775b97e59b5aa212b147b5de6.jpg_720x720q80.jpg_.webp,HP 15S-EQ2120AU RYZEN7 8GB RAM/512GB SSD/OS,"Rs. 90,000",0,No Ratings,Brand: HP; SKU: 125217430_NP-1033989941; Storage Capacity: 512GB; Ram Memory: 8GB; Display Size: 15.6 Inch; Operating System: Windows; Processor: Ryzen 7; Generation: Not Specified; CPU Cores: Quad Core
https://www.daraz.com.np/products/asus-vivobook-pro-m6400rc-6th-ryzen-7-6800h-16-gb-1tb-nvme-ssd-14-inch-oled-display-magic-numpad-fingerprint-nvidia-rtx-3050-backlit-keyboard-i121113849.html,https://img.drz.lazcdn.com/static/np/p/dd2fa7647c2b80b1447ac313ce6906ee.png_720x720q80.png_.webp,"Asus Vivobook Pro M6400rc -6th, Ryzen 7 6800H, 16 GB, 1TB NVME SSD , 14 inch Oled Display, Magic Numpad, Fingerprint, Nvidia RTX 3050, Backlit Keyboard","Rs. 180,000",0,No Ratings,
https://www.daraz.com.np/products/acer-swift-go-2023-13th-gen-i7-13700h-16gb-ram-1tb-ssd-14-28k-oled-display-backlight-keyboard-i127992936.html,https://img.drz.lazcdn.com/static/np/p/a4323d953fbd7545829b05b05a18a7c9.jpg_720x720q80.jpg_.webp,"Acer Swift Go 2023 13Th Gen i7 13700H / 16GB RAM / 1TB SSD / 14"" 2.8K OLED display / Backlight Keyboard","Rs. 168,480",0,No Ratings,Brand: No Brand; SKU: 127992936_NP-1035039758; Storage Capacity: 512GB; Ram Memory: 16GB; Display Size: 14 Inch; Operating System: Windows; Generation: 13th; Processor: Intel Core i7; CPU Cores: Hexa Core
https://www.daraz.com.np/products/lenovo-thinkpad-yoga-l13-gen-4-13th-gen-intel-core-i7-1355u-133-ips-wuxga-16gb-1tb-nvme-ssd-fingerprint-win-11-backlit-kb-3-year-warranty-nagmani-international-i133187927.html,https://img.drz.lazcdn.com/static/np/p/b98695d167779fbc7489ecc45f4e31de.png_720x720q80.png_.webp,"Lenovo Thinkpad Yoga L13 Gen 4 - 13th Gen Intel Core i7 1355U, 13.3"" IPS WUXGA, 16GB, 1TB NVMe SSD, Fingerprint Win 11, Backlit KB, 3 Year Warranty | NAGMANI INTERNATIONAL","Rs. 198,800",0,No Ratings,Brand: ; SKU: 
https://www.daraz.com.np/products/hp-laptop-15-ef2127wm-ryzen-5-5500u-8gb-ram-256gb-ssd-156-fhd-display-amd-radeon-graphic-natural-silver-i111976653.html,https://img.drz.lazcdn.com/static/np/p/9ef5049f5701532b87f4b3e7b99f8ef6.jpg_720x720q80.jpg_.webp,"Hp Laptop 15-ef2127wm / Ryzen 5 - 5500U / 8GB Ram / 256Gb Ssd / 15.6"" Fhd Display / Amd Radeon Graphic Natural Silver","Rs. 78,000",0,No Ratings,
https://www.daraz.com.np/products/lenovo-thinkpad-l14-gen-312-gen-intel-core-i7-1255u-1-tb-ssd-16-gb-ddr4-14-fhd-1920-x-1080-touch-screen-backlit-keyboard-fp-reader-win-11-pro-i148058010.html,https://img.drz.lazcdn.com/static/np/p/6861cc85c54475a8d574faf07d066266.jpg_720x720q80.jpg_.webp,"Lenovo ThinkPad L14 Gen 3,12 Gen Intel Core™ i7-1255U | 1 TB SSD | 16 GB DDR4| 14"" FHD (1920 x 1080) Touch Screen | Backlit Keyboard | FP Reader | Win 11 Pro","Rs. 164,499",0,No Ratings,
https://www.daraz.com.np/products/asus-zenbook-q408ug-ryzen-5-4500u-8gb-ram-256gb-ssd-mx450-2gb-14-fhd-display-i125217435.html,https://img.drz.lazcdn.com/static/np/p/1d0a6a5996809b348dd7f3bbfe484e0b.jpg_720x720q80.jpg_.webp,Asus ZenBook Q408UG Ryzen 5 4500U 8GB RAM 256GB SSD MX450 2GB 14” FHD display,"Rs. 105,000",0,No Ratings,Brand: No Brand; SKU: 125217435_NP-1033989946; Ram Memory: 8GB; Operating System: Windows; Generation: Not Specified; CPU Cores: Hexa Core; Storage Capacity: 256GB; Display Size: 14 Inch; Processor: Ryzen 5
https://www.daraz.com.np/products/acer-nitro-v15-intel-core-i5-13420h-processor-8-gb-ddr5-ram-512-gb-ssd-storage-invidia-geforce-rtx-4050-with-6-gb-graphics-156-inch-with-144hz-display-i128723108.html,https://img.drz.lazcdn.com/static/np/p/51f89729924cb02f1bab29375f688fbf.jpg_720x720q80.jpg_.webp,ACER NITRO V15 INTEL® CORE™ i5-13420H PROCESSOR | 8 GB DDR5 RAM || | 512 GB SSD STORAGE | INVIDIA® GeForce® RTX 4050 WITH 6 GB GRAPHICS | | 15.6 INCH WITH 144HZ DISPLAY,"Rs. 132,000",0,No Ratings,Brand: No Brand; SKU: 128723108_NP-1036508055; Display Size: 15.6 Inch; Operating System: Windows; Processor: Intel Core i5; Generation: 13th
https://www.daraz.com.np/products/acer-swift-5-2020-i7-10th-gen-8gb-ram-512gb-ssd-14-fhd-touch-display-i128217600.html,https://img.drz.lazcdn.com/static/np/p/1448fb2afd682b4c4e32d653cf6eaf1b.jpg_720x720q80.jpg_.webp,"Acer Swift 5 2020 i7 10Th Gen | 8GB RAM | 512GB SSD | 14"" FHD Touch Display","Rs. 130,000",0,No Ratings,Brand: No Brand; SKU: 128217600_NP-1035350569; Storage Capacity: 512GB; Ram Memory: 8GB; Display Size: 14 Inch; Operating System: Windows; Generation: 10th; Processor: Intel Core i7; CPU Cores: Quad Core
https://www.daraz.com.np/products/asus-rog-strix-g18-2024-g814jir-core-i9-14900hx-rtx-4070-16gb-ddr5-ram-512gb-ssd-18-wqxga-240hz-display-2-year-warranty-nagmani-international-i128128886.html,https://img.drz.lazcdn.com/static/np/p/a1faf127084040a405566bc842910986.png_720x720q80.png_.webp,"Asus ROG Strix G18 - 2024 G814JIR - Core i9 14900HX / RTX 4070 / 16GB DDR5 RAM / 512GB SSD / 18"" WQXGA 240Hz Display / 2 Year Warranty - Nagmani international","Rs. 341,900",0,No Ratings,Brand: ASUS; SKU: 128128886_NP-1035220959; Operating System: Windows; Generation: Not Specified; Display Size: 17.3 Inch; Processor: Intel Core i9
https://www.daraz.com.np/products/dell-inspiron-7391-i5-10th-gen-8gb-ram-256gb-ssd-133-fhd-display-i123265490.html,https://img.drz.lazcdn.com/static/np/p/4f1a2f8523feb7ef264e0021bd1c98b5.jpg_720x720q80.jpg_.webp,Dell Inspiron 7391 I5 10th Gen / 8GB RAM / 256GB SSD / 13.3'' FHD Display,"Rs. 118,000",0,No Ratings,Brand: No Brand; SKU: 123265490_NP-1033498008; Storage Capacity: 256GB; Ram Memory: 8GB; Display Size: 13.3 Inch; Operating System: Windows; Processor: Intel Core-i5; Generation: 10th; CPU Cores: Quad Core
https://www.daraz.com.np/products/dell-inspiron-16-5625-amd-ryzen-5-5625u-8gb-ram-512gb-ssd-16-fhd-display-amd-radeon-graphics-i154047702.html,https://img.drz.lazcdn.com/static/np/p/2ab4b3bdb19e588f3a17d60443fe4eaa.jpg_720x720q80.jpg_.webp,"Dell Inspiron 16 5625 AMD Ryzen 5 5625U 8GB RAM 512GB SSD 16"" FHD+ Display AMD Radeon Graphics","Rs. 103,000",0,No Ratings,Brand: No Brand; SKU: 154047702_NP-1112169306; Ram Memory: 8GB; Operating System: Windows; Generation: 13th; CPU Cores: Hexa Core; Storage Capacity: 512GB; Touch: No
https://www.daraz.com.np/products/lenovo-ideapad-1-celeron-n4020-8gb-ram-256gb-ssd-14-i123635629.html,https://img.drz.lazcdn.com/static/np/p/0a40e7ec6cf22338bd12e9695bd1f843.jpg_720x720q80.jpg_.webp,Lenovo Ideapad 1 | Celeron N4020 | 8GB RAM | 256GB SSD | 14″,"Rs. 36,898",0,No Ratings,Brand: No Brand; SKU: 123635629_NP-1033582618; Ram Memory: 8GB; Operating System: Windows; Generation: Not Specified; CPU Cores: Dual Core; Storage Capacity: 256GB; Display Size: 14 Inch; Processor: Intel Celeron; Model No.: IP1 15IGL7
https://www.daraz.com.np/products/asus-zenbook-duo-ux482eg-i7-11th-gen-16gb-ram-1tb-ssd-mx450-stylus-14-fhd-touchscreen-126-fhd-touch-i139175760.html,https://img.drz.lazcdn.com/static/np/p/f029d113fb9d7dd4376c162f6090d384.jpg_720x720q80.jpg_.webp,"ASUS ZENBOOK DUO UX482EG i7 11TH GEN/ 16GB RAM/ 1TB SSD/ MX450 / STYLUS/ 14"" FHD Touchscreen + 12.6"" FHD TOUCH","Rs. 236,500",0,No Ratings,Brand: No Brand; SKU: 139175760_NP-1070496113; Display Size: 14 Inch; Operating System: Not Specified; CPU Cores: Not Specified; Ram Memory: 16GB; Storage Capacity: 1TB; Processor: Not Specified; Generation: 
https://www.daraz.com.np/products/lenovo-laptop-intel-celeron-processor-4-gb-256-gb-ssd-156-display-black-i126011539.html,https://img.drz.lazcdn.com/static/np/p/aa163e85e760defeb84fc6747fb0f8b3.jpg_720x720q80.jpg_.webp,Lenovo Laptop Intel Celeron Processor 4 GB| 256 GB SSD| 15.6'' Display Black,"Rs. 34,500",0,No Ratings,Brand: No Brand; SKU: 126011539_NP-1034146119; Ram Memory: 4GB; Operating System: Windows; Generation: Not Specified; CPU Cores: Dual Core; Storage Capacity: 256GB; Touch: No; Display Size: 15.6 Inch; Wireless Connectivity: WIFI + Bluetooth; Processor: Intel Celeron; Model No.: V15
https://www.daraz.com.np/products/tk-e142-8gb-ram-256gb-rom-intel-n4020-windows-11-140-inch-display-long-lasting-battery-smooth-multitasking-seamless-connectivity-ideal-for-work-entertainment-i161624836.html,https://img.drz.lazcdn.com/static/np/p/e7b04dd8213acacf0c2ae5ce55e36dfd.jpg_720x720q80.jpg_.webp,TK-E142 | 8GB RAM | 256GB ROM | Intel N4020 | Windows 11 | 14.0-inch Display | Long-lasting Battery | Smooth Multitasking | Seamless Connectivity | Ideal for Work & Entertainment,"Rs. 40,000",0,No Ratings,Brand: No Brand; SKU: 161624836_NP-1149880116; Ram Memory: 8GB; Operating System: Windows; Generation: 7th; CPU Cores: Dual Core; Storage Capacity: 256GB; Display Size: 14 Inch; Processor: Celeron
https://www.daraz.com.np/products/hp-laptop-14-13th-gen-intel-core-i3-1315u-14-inch-fhd-8gb-ddr4-256-gb-ssd-intel-uhd-graphics-i140175146.html,https://img.drz.lazcdn.com/static/np/p/3d6641e66c5c901cc952906d5a34f222.png_720x720q80.png_.webp,HP Laptop 14 | 13th Gen Intel Core i3-1315U | 14-inch FHD | 8GB DDR4 | 256 GB SSD | Intel UHD Graphics |,"Rs. 55,000",4.0,1 Ratings,Brand: No Brand; SKU: 140175146_NP-1072929972; Ram Memory: 8GB; Operating System: Windows; Generation: 13th; CPU Cores: Not Specified; Storage Capacity: 256GB; Display Size: 14 Inch; Processor: Intel Core i3
https://www.daraz.com.np/products/lenovo-thinkpad-x1-carbon-2020-i5-10th-gen-16gb-ram-512gb-ssd-14-fhd-i120369113.html,https://img.drz.lazcdn.com/static/np/p/93eb5e40e1e2c132076c27ed40a0fc40.jpg_720x720q80.jpg_.webp,"Lenovo ThinkPad X1 Carbon 2020 i5 10th Gen / 16GB RAM / 512GB SSD / 14"" FHD","Rs. 176,400",0,No Ratings,Brand: No Brand; SKU: 120369113_NP-1032859399; Display Size: 14 Inch; Operating System: Windows 10; Processor: Intel Core i5; Generation: 10th
https://www.daraz.com.np/products/lenovo-ideapad-1-celeron-4gb-256ssd-14-laptop-i158951799.html,https://img.drz.lazcdn.com/static/np/p/819429fd46c675e707909fd9171d2692.jpg_720x720q80.jpg_.webp,Lenovo Ideapad 1 Celeron | 4GB | 256ssd | 14 Laptop,"Rs. 33,490",0,No Ratings,Brand: ; SKU: 
https://www.daraz.com.np/products/acer-aspire-3-spincore-i3-n305-13th-gen-8-gb-ddr5-ram-256gb-ssd14-x360-touch-win-11-i134997098.html,https://img.drz.lazcdn.com/static/np/p/3f18b05e5d684fed85870239fcdc6ebf.jpg_720x720q80.jpg_.webp,"Acer Aspire 3 SpinCore i3- N305 13th Gen / 8 GB DDR5 RAM/ 256GB SSD/14"" X360 Touch / Win 11","Rs. 61,990",0,No Ratings,
https://www.daraz.com.np/products/lenovo-ideapad-slim-3-14irh8-13-gen-intel-core-i5-13420h-16-gb-ddr5-512-gb-ssd-14-fhd-19201080-backlight-keyboard-win-11-i162133922.html,https://img.drz.lazcdn.com/static/np/p/8cebe1082c85493dd040e392fbdb80d9.png_720x720q80.png_.webp,Lenovo IdeaPad Slim 3 14IRH8 13 Gen Intel Core i5-13420H | 16 GB DDR5 | 512 GB SSD | 14″ FHD (1920×1080) | Backlight Keyboard | Win 11,"Rs. 79,499",0,No Ratings,
https://www.daraz.com.np/products/acer-aspire-3-15-amd-ryzen-7-5700u-16gb-ddr4-512gb-nvme-ssd-156-fhd-display-pure-silver-i150032296.html,https://img.drz.lazcdn.com/static/np/p/5c4f38ac352f48f3a361529ef9255a89.png_720x720q80.png_.webp,"Acer Aspire 3 15 | AMD Ryzen 7 5700U | 16GB DDR4 | 512GB NVMe SSD | 15.6"" FHD Display | Pure Silver","Rs. 69,999",0,No Ratings,Brand: No Brand; SKU: 150032296_NP-1105137737; Ram Memory: 16GB; Operating System: Windows; Generation: Not Specified; CPU Cores: Not Specified; Storage Capacity: 512GB; Touch: No; Storage Type: SSD; Touch Pad: Yes; Display Size: 15.6 Inch; Wireless Connectivity: WIFI + Bluetooth; Processor: Ryzen 7; Model No.: Aspire 3 15 A315-44P-R263
https://www.daraz.com.np/products/acer-aspire-3-amd-ryzen-5-7520u-8gb-ram-512gb-ssd-156-fhd-integrated-amd-graphics-silver-dos-i128951538.html,https://img.drz.lazcdn.com/static/np/p/f4f1417e4b22a008f06a2a489b609cf3.jpg_720x720q80.jpg_.webp,"Acer aspire 3 AMD Ryzen 5 7520U, 8GB RAM, 512GB SSD, 15.6 FHD, Integrated AMD Graphics, Silver, DOS","Rs. 65,900",0,No Ratings,Brand: No Brand; SKU: 128951538_NP-1036922351; Display Size: 15.6 Inch; Operating System: DOS; CPU Cores: Octa Core; Ram Memory: 8GB; Storage Capacity: 512GB; Processor: AMD; Generation: 10th
https://www.daraz.com.np/products/asus-vivobook-go-15-e1504fa-nj524w-ryzen-5-7520u-8gb-512gb-ssd-radeon-graphics-fhd-i157801764.html,https://img.drz.lazcdn.com/static/np/p/c2e3daa3d95ba85cc8fed4354da58091.png_720x720q80.png_.webp,Asus Vivobook Go 15 E1504FA-NJ524W Ryzen-5 - 7520U | 8GB | 512GB SSD | Radeon Graphics | FHD,"Rs. 77,500",0,No Ratings,
https://www.daraz.com.np/products/asus-vivobook-go-15-intel-core-i3-13th-gen-8gb-ram-ddr4-128gb-ssd-156-full-hd-windows-11-home-genuine-laptop-i146360419.html,https://img.drz.lazcdn.com/static/np/p/e514bfed3d4dd0483cd264d34d8df532.jpg_720x720q80.jpg_.webp,ASUS VivoBook GO 15 Intel Core i3 13th Gen 8GB RAM DDR4 128GB SSD 15.6″ Full HD Windows 11 Home Genuine Laptop,"Rs. 58,990",0,No Ratings,
https://www.daraz.com.np/products/asus-vivobook-i3-12th-generation-x1404z-i159646138.html,https://img.drz.lazcdn.com/static/np/p/bfbb41772334ab0e6984b6beb3e9dfeb.jpg_720x720q80.jpg_.webp,Asus Vivobook,"Rs. 54,000",0,No Ratings,
https://www.daraz.com.np/products/lenovo-ideapad-1-i3-12th-gen-8gb-256ssd-14-laptop-i158967396.html,https://img.drz.lazcdn.com/static/np/p/fd5da47541b9c57b48e9c5495c6bd5a1.jpg_720x720q80.jpg_.webp,"Lenovo Ideapad 1 i3 12th Gen | 8GB | 256ssd | 14"" Laptop","Rs. 47,990",0,No Ratings,Brand: ; SKU: 
https://www.daraz.com.np/products/lenovo-ip3-ryzen-7-5700u8gb-ram256gb-ssd14-fhd-i122102395.html,https://img.drz.lazcdn.com/static/np/p/af58fa1449986a4ddbb620d7da3b0e93.jpg_720x720q80.jpg_.webp,"Lenovo IP3 Ryzen 7 5700U/8GB RAM/256GB SSD/14"" FHD","Rs. 73,990",0,No Ratings,Brand: No Brand; SKU: 122102395_NP-1033186569; Display Size: 14 Inch; Operating System: Windows; CPU Cores: Octa Core; Ram Memory: 8GB; Storage Capacity: 256GB; Processor: Ryzen 7 Octa Core; Generation: Not Specified
https://www.daraz.com.np/products/lenovo-ideapad-slim-3-amd-ryzen-5-7520u-8gb-ddr5-512gb-nvme-ssd-156-fhd-display-arctic-grey-i149980831.html,https://img.drz.lazcdn.com/static/np/p/c7bb3e74caac00eeb5848699f3c545f3.jpg_720x720q80.jpg_.webp,"Lenovo Ideapad Slim 3 | AMD Ryzen 5 7520U | 8GB DDR5 | 512GB NVMe SSD | 15.6"" FHD Display | Arctic Grey","Rs. 59,999",0,No Ratings,Brand: No Brand; SKU: 149980831_NP-1105259054; Ram Memory: 8GB; Operating System: Windows; Generation: Not Specified; CPU Cores: Not Specified; Storage Capacity: 512GB; Touch: No; Storage Type: SSD; Touch Pad: Yes; Display Size: 15.6 Inch; Wireless Connectivity: WIFI + Bluetooth; Processor: Ryzen 5; Model No.: Ideapad Slim 3 15AMN8
https://www.daraz.com.np/products/hp-15-fc000nia-ryzen-5-7520u-8gb-ddr5-512gb-nvme-ssd-156-fhd-natural-silver-i136321166.html,https://img.drz.lazcdn.com/static/np/p/d47530be19dfb7ba8e20d0aafb98b263.png_720x720q80.png_.webp,"HP 15-FC000NIA Ryzen 5 7520U | 8GB DDR5 | 512GB NVMe SSD | 15.6"" FHD | Natural Silver","Rs. 64,499",0,No Ratings,Brand: No Brand; SKU: 136321166_NP-1062143669; Ram Memory: 8GB; Operating System: Windows; Generation: Not Specified; CPU Cores: Not Specified; Storage Capacity: 512GB; Touch: No; Storage Type: SSD; Touch Pad: Yes; Display Size: 15.6 Inch; Wireless Connectivity: WIFI + Bluetooth; Processor: Ryzen 5; Model No.: HP 15-FC0003NIA
https://www.daraz.com.np/products/asus-vivibook-go-e1404-ryzen-5-7520u-8-gb-ddr5-ram-512-gb-ssd14-fhd-backlit-keyboard-fp-reader-win-11-2-years-warranty-i139247718.html,https://img.drz.lazcdn.com/static/np/p/a5a000b4e4376b2401921e327d3823c7.jpg_720x720q80.jpg_.webp,"Asus Vivibook Go E1404 Ryzen 5 - 7520U / 8 GB DDR5 RAM/ 512 GB SSD/14"" FHD / Backlit Keyboard/ FP Reader/ Win 11/ 2 Years Warranty","Rs. 77,990",0,No Ratings,
https://www.daraz.com.np/products/hp-notebook-250-g9-i5-12th-gen-1235u-16gb-ram-512gb-nvme-ssd-backlit-keyboard-windows-11-156-fhd-laptop-i135854812.html,https://img.drz.lazcdn.com/static/np/p/a13726332d9f6b031abf4d458572c9e9.jpg_720x720q80.jpg_.webp,"HP Notebook 250 G9 i5 12th Gen 1235U | 16GB RAM | 512GB NVMe SSD | Backlit Keyboard |Windows 11| 15.6"" FHD Laptop","Rs. 74,999",0,No Ratings,Brand: No Brand; SKU: 135854812_NP-1061012655; Ram Memory: 16GB; Operating System: Windows; Generation: 12th; CPU Cores: Deca Core; Storage Capacity: 512GB; Display Size: 15.6 Inch; Processor: Intel Core i5
https://www.daraz.com.np/products/dell-vostro-14-3430-13th-gen-i3-1305u-8gb-512-ssd-1yrs-warranty-i129113605.html,https://img.drz.lazcdn.com/static/np/p/fa36d3b1a9acd702a59e7ab2c6cbbc0f.jpg_720x720q80.jpg_.webp,"DELL VOSTRO 14"" 3430 | 13th gen I3-1305U | 8GB | 512 SSD | 1yrs warranty","Rs. 68,500",0,No Ratings,
https://www.daraz.com.np/products/dell-5470-celeron-intel-uhd-8gb-ram-256gb-ssd-14-hd-i127799279.html,https://img.drz.lazcdn.com/static/np/p/fa5b57b3dae5295175b480d1623854d4.jpg_720x720q80.jpg_.webp,Dell 5470 | Celeron | Intel UHD | 8GB RAM | 256GB SSD | 14″ HD,"Rs. 37,998",0,No Ratings,Brand: No Brand; SKU: 127799279_NP-1034763143; Storage Capacity: 256GB; Ram Memory: 8GB; Display Size: 14 Inch; Operating System: Windows; Generation: 11th; Processor: Intel Celeron; CPU Cores: Quad Core
https://www.daraz.com.np/products/lenovo-thinkbook-gen-4-i5-1235u-12th-gen-16gb-ddr4-ram-512gb-ssd-14-fhd-display-backlit-keyboard-finger-print-reader-i138311726.html,https://img.drz.lazcdn.com/static/np/p/b85000c89158b14cb6ed9a551807f9b1.jpg_720x720q80.jpg_.webp,"Lenovo Thinkbook Gen 4 i5 1235U 12th Gen | 16GB DDR4 RAM | 512GB SSD | 14"" FHD Display | Backlit Keyboard | Finger Print Reader","Rs. 79,999",0,No Ratings,Brand: No Brand; SKU: 138311726_NP-1067711589; Ram Memory: 16GB; Operating System: Windows; Generation: 12th; CPU Cores: Not Specified; Storage Capacity: 512GB; Touch: No; Storage Type: SSD; Touch Pad: Yes; Display Size: 14 Inch; Wireless Connectivity: WIFI + Bluetooth; Processor: Intel Core i5; Model No.: Thinkbook
https://www.daraz.com.np/products/dynabook-tecra-toshiba-a40-g-intel-celeron-5205u-19ghz-laptop-4gb-ram-128gb-ssd-14-hd-led-windows-10-pro-genuine-i110737155.html,https://img.drz.lazcdn.com/static/np/p/5669478f602ea3eed789c80fff4cf0af.jpg_720x720q80.jpg_.webp,"Dynabook Tecra Toshiba A40-G Intel Celeron 5205U 1.9GHz Laptop, 4GB RAM, 128GB SSD, 14"" HD LED, Windows 10 Pro genuine","Rs. 32,900",0,No Ratings,Brand: No Brand; SKU: 110737155_NP-1030012643; Ram Memory: 4GB; Operating System: Windows 10; Generation: 11th; CPU Cores: Dual Core; Storage Capacity: 128GB; Touch Pad: Not Specified; Display Size: 14 Inch; Processor: Intel Celeron
https://www.daraz.com.np/products/dell-vostro-3520-intel-core-i3-12th-gen-8gb-ram-512gb-ssd-156fhd-120hz-i129210029.html,https://img.drz.lazcdn.com/static/np/p/89af36a20361bddf4a1d98368e3d262d.jpg_720x720q80.jpg_.webp,"Dell Vostro 3520 Intel Core i3 12th Gen 8GB Ram 512GB SSD 15.6""FHD 120Hz","Rs. 49,500",0,No Ratings,Brand: No Brand; SKU: 129210029_NP-1037233012; Display Size: 15.6 Inch; Operating System: Windows; CPU Cores: Hexa Core; Ram Memory: 8GB; Storage Capacity: 512GB; Processor: Intel Core i3; Generation: 12th
https://www.daraz.com.np/products/dell-vostro-3520-intel-core-i3-12th-gen-8gb-ram-256gb-nvme-ssd-156-fhd-display-i154037823.html,https://img.drz.lazcdn.com/static/np/p/614d4d6b1aac68bfa2b67c9450402afc.jpg_720x720q80.jpg_.webp,"Dell Vostro 3520 intel core i3 12th Gen 8GB RAM 256GB NVMe SSD 15.6"" FHD Display","Rs. 48,000",0,No Ratings,Brand: No Brand; SKU: 154037823_NP-1112172135; Ram Memory: 8GB
https://www.daraz.com.np/products/acer-aspire-5-ryzen-7-5700u-8gb-ram-512gb-nvme-ssd-156-fhd-ips-display-i129167122.html,https://img.drz.lazcdn.com/static/np/p/e19f01e953344f9e6d083632926bf014.jpg_720x720q80.jpg_.webp,Acer Aspire 5 Ryzen 7 5700U / 8GB RAM /512gb nvme ssd / 15.6″ FHD IPS Display,"Rs. 78,000",0,No Ratings,Brand: No Brand; SKU: 129167122_NP-1037188039; Display Size: 15.6 Inch; Operating System: Windows; CPU Cores: Octa Core; Ram Memory: 8GB; Storage Capacity: 512GB; Processor: AMD; Generation: Not Specified
https://www.daraz.com.np/products/acer-aspire-3-amd-ryzen-3-7320u-4gb-ram-256gb-ssd-156-fhd-silver-i135893745.html,https://img.drz.lazcdn.com/static/np/p/b8e1af9c506dac0e55460668fd3fe2d1.jpg_720x720q80.jpg_.webp,"Acer Aspire 3 AMD Ryzen 3 7320U | 4GB RAM | 256GB SSD | 15.6"" FHD | Silver","Rs. 45,500",0,No Ratings,Brand: No Brand; SKU: 135893745_NP-1061214001; Ram Memory: 4GB; Operating System: Windows; Generation: Not Specified; CPU Cores: Not Specified; Storage Capacity: 256GB; Display Size: 15.6 Inch; Processor: Not Specified
https://www.daraz.com.np/products/acer-aspire-5-a515-58p-intel-core-i5-1335u-processor-8gb-ram-512gb-ssd-intel-iris-xe-graphics-156-fhd-display-i129075100.html,https://img.drz.lazcdn.com/static/np/p/e96bad58c4dab9db04cbc5ce1e2180ca.jpg_720x720q80.jpg_.webp,"Acer Aspire 5 A515-58P (Intel Core i5-1335U Processor | 8GB RAM | 512GB SSD | Intel Iris Xe Graphics | 15.6"" FHD Display)","Rs. 66,900",0,No Ratings,Brand: No Brand; SKU: 129075100_NP-1037178691; Wireless Connectivity: WIFI + Bluetooth; Display Size: 15.6 Inch; Operating System: Windows; CPU Cores: Quad Core; Ram Memory: 8GB; Model No.: Acer Aspire 5 A515-58P; Touch Pad: Yes
https://www.daraz.com.np/products/acer-aspire-5-i7-13th-generation-8gb-ddr5-ram-512gb-nvme-ssd-intel-iris-xe-graphics-156-fhd-display-laptop-i131374629.html,https://img.drz.lazcdn.com/static/np/p/84a57c7d57cb2f554924f0abf53be0ac.jpg_720x720q80.jpg_.webp,"Acer Aspire 5 i7 13th Generation - 8GB DDR5 RAM - 512GB NVMe SSD - Intel iris Xe Graphics - 15.6"" FHD Display Laptop","Rs. 85,890",0,No Ratings,Brand: No Brand; SKU: 131374629_NP-1038227057
https://www.daraz.com.np/products/2024-hp-envy-x360-14-es0013dx-14th-gen-intel-core-5-120u-processor-8gb-ram-512gb-ssd-14-fhd-2-in-1-touch-screen-display-fingerprint-reader-i157845179.html,https://img.drz.lazcdn.com/static/np/p/3bbe2901b503fafad3c0ded18452ee27.jpg_720x720q80.jpg_.webp,[2024] HP Envy x360 14-ES0013dx (14th Gen Intel Core 5 120U Processor | 8GB RAM | 512GB SSD | 14″ FHD 2-in-1 Touch Screen Display | Fingerprint Reader),"Rs. 94,500",0,No Ratings,
https://www.daraz.com.np/products/acer-aspire-14-intel-core-5-120u-8-gb-ddr5-ram-512-gb-ssd-14-1920x1200-ips-win-11-2-year-warranty-i160051227.html,https://img.drz.lazcdn.com/static/np/p/945cd1571140d850a72d327d9c0edcdf.png_720x720q80.png_.webp,"Acer Aspire 14 Intel Core 5-120U | 8 GB DDR5 RAM | 512 GB SSD | 14"" (1920X1200) IPS | Win 11 | 2 Year Warranty","Rs. 83,999",0,No Ratings,
https://www.daraz.com.np/products/acer-aspire-3-i5-11th-gen-8gb-ram-512gb-ssd-156fhd-i128117004.html,https://img.drz.lazcdn.com/static/np/p/5b6059060002cd9c4ae9c2bd3ec7442b.jpg_720x720q80.jpg_.webp,Acer Aspire 3 I5-11th Gen-8GB RAM-512GB SSD -15.6FHD,"Rs. 62,998",0,No Ratings,Brand: No Brand; SKU: 128117004_NP-1035204144; Display Size: 15.6 Inch; Operating System: Windows; CPU Cores: Quad Core; Ram Memory: 8GB; Storage Capacity: 512GB; Processor: Intel Core i5; Generation: 11th
https://www.daraz.com.np/products/dell-5470-laptop-intel-celeron-processor-8-gb-ram-256-gb-ssd-14-inch-display-ote-i128359304.html,https://img.drz.lazcdn.com/static/np/p/af902d46c9209628edbe827a3b31cc44.jpg_720x720q80.jpg_.webp,Dell 5470 Laptop Intel Celeron Processor 8 GB RAM - 256 GB SSD - 14-inch Display - OTE,"Rs. 45,000",0,No Ratings,
https://www.daraz.com.np/products/dell-vostro-3520-i3-12th-gen-8gb-ram-512gb-ssd-156-fhd-120hz-display-laptop-i135893026.html,https://img.drz.lazcdn.com/static/np/p/84ee80a7b9131bda341784460e5a1a38.jpg_720x720q80.jpg_.webp,"Dell Vostro 3520 i3 12th Gen | 8GB RAM | 512GB SSD | 15.6"" FHD 120Hz Display Laptop","Rs. 50,500",0,No Ratings,Brand: No Brand; SKU: 135893026_NP-1061054433; Ram Memory: 8GB; Operating System: DOS; Generation: 12th; CPU Cores: Not Specified; Storage Capacity: 512GB; Display Size: 15.6 Inch; Processor: Intel Core i3
https://www.daraz.com.np/products/dell-latitude-7490-core-i5-7th-gen-8-gb-ram-256-gb-ssd-windows-10-i127910088.html,https://img.drz.lazcdn.com/static/np/p/69f189d976a19babc92f1e9c87c91a62.jpg_720x720q80.jpg_.webp,Dell Latitude 7490 Core I5 7th Gen 8 GB RAM 256 GB SSD Windows 10,"Rs. 65,000",0,No Ratings,Brand: No Brand; SKU: 127910088_NP-1037340349; Wireless Connectivity: WIFI + Bluetooth; Display Size: 14 Inch; Operating System: Windows 10; CPU Cores: Quad Core; Ram Memory: 8GB; Model No.: 7490; Touch Pad: Yes; Storage Capacity: 256GB; Processor: Intel Core i5; Storage Type: SSD; Touch: No; Generation: 7th
https://www.daraz.com.np/products/acer-aspire-14-core-5-120u-14th-gen-8-gb-ddr5-ram-512gb-ssd14-wuxga-ips-win-11-i134982224.html,https://img.drz.lazcdn.com/static/np/p/38039c1b55bae8f28d71a5de954b403e.jpg_720x720q80.jpg_.webp,"Acer Aspire 14 Core 5 120U 14th Gen / 8 GB DDR5 RAM/ 512GB SSD/14"" WUXGA IPS/ Win 11","Rs. 83,990",0,No Ratings,
https://www.daraz.com.np/products/acer-swift-go-14-core-i5-13500h-13th-gen-16-gb-ram-512gb-ssd14-oled-28kbacklit-keyboard-win-11-i134738904.html,https://img.drz.lazcdn.com/static/np/p/a0f9b57603a64db79ffa41e9c7ee1dc4.jpg_720x720q80.jpg_.webp,"Acer Swift GO 14 Core i5-13500H 13th Gen / 16 GB RAM/ 512GB SSD/14"" OLED 2.8K/Backlit Keyboard/ Win 11","Rs. 109,990",0,No Ratings,
https://www.daraz.com.np/products/acer-aspire-go-14-amd-ryzen-5-7520u-8-gb-ddr5-ram-512gb-ssd14-wuxga-win-11-i134994004.html,https://img.drz.lazcdn.com/static/np/p/76b80c518e5f96f6047af61e0595f6c6.jpg_720x720q80.jpg_.webp,"Acer Aspire GO 14 AMD Ryzen 5 - 7520U / 8 GB DDR5 RAM/ 512GB SSD/14"" WUXGA / Win 11","Rs. 68,990",0,No Ratings,
https://www.daraz.com.np/products/asus-e410m-10th-gen-celeron-4-gb-128-gb-14-8-hour-black-blue-genuine-win-10-i122782518.html,https://img.drz.lazcdn.com/static/np/p/5f0d740ccd7fbb2e65c6fb74e9300d30.jpg_720x720q80.jpg_.webp,"ASUS E410M - 10th Gen, Celeron, 4 GB, 128 GB, 14"", 8 Hour, BLACK, BLUE, GENUINE WIN 10","Rs. 45,000",0,No Ratings,Brand: No Brand; SKU: 122782518_NP-1033384054; Ram Memory: 4GB; Operating System: Windows 10; Generation: 10th; CPU Cores: Not Specified; Storage Capacity: 128GB; Storage Type: SSD; Display Size: 14 Inch; Wireless Connectivity: WIFI + Bluetooth; Processor: Intel; Model No.: E410M
https://www.daraz.com.np/products/dell-vostro-3520-i3-12th-gen-16gb-ram-512gb-ssd-156-120hz-fhd-display-laptop-i137572340.html,https://img.drz.lazcdn.com/static/np/p/2968e517c75fb46aca5c89a7c1535844.jpg_720x720q80.jpg_.webp,"Dell Vostro 3520 i3 12th Gen | 16GB RAM | 512GB SSD | 15.6"" 120Hz FHD Display Laptop","Rs. 54,000",0,No Ratings,
https://www.daraz.com.np/products/lenovo-ideapad-1-15lgl7-11thgen-intel-celeron-n4020-8gb-ddr4-ram-256gb-ssd-156-hd-display-i146975115.html,https://img.drz.lazcdn.com/static/np/p/0a4f7edec8451dc85b198aa13d9e9e1e.jpg_720x720q80.jpg_.webp,"Lenovo Ideapad 1 15lGL7 11thGen Intel Celeron N4020 8GB DDR4 RAM 256GB SSD 15.6""' HD Display","Rs. 38,000",0,No Ratings,Brand: No Brand; SKU: 146975115_NP-1098805181; Display Size: 15.6 Inch; Operating System: Windows; CPU Cores: Not Specified; Ram Memory: 8GB; Storage Capacity: 256GB; Processor: Intel Celeron; Generation: Not Specified
https://www.daraz.com.np/products/lenovo-ip-1-ryzen-5-7520u-8gb-ram512gb-ssd-156-display-i128117008.html,https://img.drz.lazcdn.com/static/np/p/5a825ac6fc9654fc01e0efac7a80365b.png_720x720q80.png_.webp,Lenovo IP 1 Ryzen 5 7520U 8GB RAM/512GB SSD/ 15.6 Display,"Rs. 61,197",0,No Ratings,Brand: No Brand; SKU: 128117008_NP-1035198398; Display Size: 15.6 Inch; Operating System: Windows; CPU Cores: Quad Core; Ram Memory: 8GB; Storage Capacity: 512GB; Processor: AMD; Generation: Not Specified
https://www.daraz.com.np/products/lenovo-ideapad-slim-3-i5-13th-gen-8gb-ram-512gb-ssd-156-fhd-backlight-keyboard-i128495233.html,https://img.drz.lazcdn.com/static/np/p/38e06c07d157db3e25dc2d897f382b8e.jpg_720x720q80.jpg_.webp,"Lenovo IdeaPad Slim 3 i5 13th Gen 8GB RAM 512GB SSD 15.6"" FHD Backlight Keyboard","Rs. 69,990",0,No Ratings,Brand: No Brand; SKU: 128495233_NP-1036005202; Display Size: 15.6 Inch; Operating System: Windows; CPU Cores: Octa Core; Ram Memory: 8GB; Storage Capacity: 512GB; Processor: Intel Core i5; Generation: 13th
https://www.daraz.com.np/products/acer-aspire-go-14-2024-ryzen-5-7520u-16gb-ram-512gb-ssd-14-wuxga-display-i151789658.html,https://img.drz.lazcdn.com/g/kf/S22496396f8be4b8bbba3c3008d2abbd6M.jpg_720x720q80.jpg_.webp,"Acer Aspire GO 14 2024 Ryzen 5 7520U | 16GB RAM | 512GB SSD | 14"" WUXGA Display","Rs. 68,999",0,No Ratings,Brand: No Brand; SKU: 151789658_NP-1107594467; Ram Memory: 16GB; Operating System: Windows; Generation: Not Specified; CPU Cores: Not Specified; Storage Capacity: 512GB; Touch: No; Storage Type: SSD; Touch Pad: Yes; Display Size: 14 Inch; Wireless Connectivity: WIFI + Bluetooth; Processor: Ryzen 5 Quad Core; Model No.: Aspire Go 14
https://www.daraz.com.np/products/lenovo-thinbook-14-g-4i5-1235u-processor16gb-ram512gb-ssd14-inch-fhd-i150198553.html,https://img.drz.lazcdn.com/g/kf/S9456e23253db4c36a2f7e5877520db1cY.jpg_720x720q80.jpg_.webp,Lenovo Thinbook 14 G-4/i5-1235U Processor/16GB RAM/512GB SSD/14 inch/ FHD,"Rs. 78,650",0,No Ratings,Brand: No Brand; SKU: 150198553_NP-1105575121; Ram Memory: 16GB; Operating System: Windows; Generation: 12th; CPU Cores: Deca Core; Storage Capacity: 512GB; Touch: No; Storage Type: SSD; Touch Pad: Yes; Display Size: 14 Inch; Wireless Connectivity: WIFI + Bluetooth; Processor: Intel Core i5; Model No.: Thinbook 14 G4
https://www.daraz.com.np/products/acer-swift-i159629455.html,https://img.drz.lazcdn.com/static/np/p/e89215b2b17621b111b464e03d047615.jpg_720x720q80.jpg_.webp,Acer Swift Go Ultra 5,"Rs. 106,000",0,No Ratings,Brand: No Brand; SKU: 159629455_NP-1143288595; Storage Capacity: ; Ram Memory: 
https://www.daraz.com.np/products/dell-inspiron-7405-2in1-touch-screen-360-ryzen-5-4500u-8gb-ram256gb-ssd14-inch-fhdwin10-home-laptop-i110322231.html,https://img.drz.lazcdn.com/static/np/p/79ebd3d90654489e403d0304862caa7c.jpg_720x720q80.jpg_.webp,Dell Inspiron 7405 2in1 Touch Screen 360 Ryzen 5 4500U 8GB RAM/256GB SSD/14 Inch FHD/Win10 Home Laptop,"Rs. 93,499",0,No Ratings,Brand: No Brand; SKU: 110322231_NP-1029889298; Ram Memory: 8GB; Operating System: Windows 10; Generation: 10th; CPU Cores: Dual Core; Storage Capacity: 256GB; Touch Pad: Not Specified; Display Size: 14 Inch; Processor: Ryzen 5
https://www.daraz.com.np/products/dell-latitude-5490-i5-8th-gen-8gb-256-m2-ssd-14-business-notebook-i129209973.html,https://img.drz.lazcdn.com/g/kf/Se578428f7f394c61ac48ee68fed8b6ccu.jpg_720x720q80.jpg_.webp,Dell Latitude 5490 i5-8th Gen 8GB 256 M.2 SSD 14″ Business Notebook,"Rs. 72,000",0,No Ratings,
https://www.daraz.com.np/products/dell-inspiron-15-3530-i3-1305u-8gb-ram-512-gb-ssd-intel-uhd-fhd-display-156-inch-black-i136667122.html,https://img.drz.lazcdn.com/static/np/p/690682047ce8278c6e93bac22be59c44.jpg_720x720q80.jpg_.webp,DELL INSPIRON 15 3530 - i3 1305U | 8GB RAM | 512 GB SSD | Intel UHD | FHD Display 15.6-inch | Black,"Rs. 69,999",0,No Ratings,Brand: No Brand; SKU: 136667122_NP-1063279993; Ram Memory: 8GB; Operating System: Not Specified; Generation: 13th; CPU Cores: Quad Core; Storage Capacity: 512GB; Touch: No; Storage Type: SSD; Touch Pad: Yes; Display Size: 15.6 Inch; Wireless Connectivity: WIFI + Bluetooth; Processor: Intel Core i3; Model No.: 
https://www.daraz.com.np/products/hp-victus-amd-ryzen-5-7535hs-16gb-ram-512gb-ssd-rtx-2050-4gb-156-fhd-144hz-display-i135764577.html,https://img.drz.lazcdn.com/static/np/p/b43b3b367518fcaaca824c6efa6f4bc5.jpg_720x720q80.jpg_.webp,"HP Victus AMD Ryzen 5 7535HS | 16GB RAM | 512GB SSD | RTX 2050 4GB | 15.6"" FHD 144hz Display","Rs. 97,999",0,No Ratings,Brand: No Brand; SKU: 135764577_NP-1060877658; Ram Memory: 16GB; Operating System: Windows; Generation: 11th; CPU Cores: Hexa Core; Storage Capacity: 512GB; Display Size: 15.6 Inch; Processor: Ryzen 5 Hexa Core
https://www.daraz.com.np/products/hp-250-g10-intel-core-i5-1335u-13th-gen-8gb-ddr4-512gb-nvme-ssd-156-fhd-display-dark-ash-silver-i146955168.html,https://img.drz.lazcdn.com/static/np/p/84b22f723b4649f5bf27417ba17b6e04.jpg_720x720q80.jpg_.webp,"HP 250 G10 | INTEL CORE i5 1335U 13TH GEN | 8GB DDR4 | 512GB NVMe SSD | 15.6"" FHD DISPLAY | DARK ASH SILVER","Rs. 71,999",0,No Ratings,Brand: No Brand; SKU: 146955168_NP-1098739306; Ram Memory: 8GB; Operating System: Windows; Generation: 13th; CPU Cores: Not Specified; Storage Capacity: 512GB; Touch: No; Storage Type: SSD; Touch Pad: Yes; Display Size: 15.6 Inch; Processor: Intel Core i5; Model No.: 250 G9
https://www.daraz.com.np/products/dell-vostro-3520-i7-12th-gen-16gb-ram-512gb-ssd-intel-uhd-156-fhd-120hz-display-laptop-i135971799.html,https://img.drz.lazcdn.com/static/np/p/35ef80855e33a971dafca945cb365327.jpg_720x720q80.jpg_.webp,Dell Vostro 3520 i7 12th Gen | 16GB RAM | 512GB SSD | Intel UHD | 15.6″ FHD 120Hz Display Laptop,"Rs. 94,000",0,No Ratings,Brand: No Brand; SKU: 135971799_NP-1061203973; Ram Memory: 16GB; Operating System: Windows; Generation: 12th; CPU Cores: Not Specified; Storage Capacity: 512GB; Display Size: 15.6; Processor: Intel Core i7
https://www.daraz.com.np/products/acer-swift-go-14-2024-intel-core-ultra-5-125h-processor-16gb-ram-512gb-ssd-intel-arc-graphics-14-inch-wqxga-28k-ips-display-ai-integrated-i154559521.html,https://img.drz.lazcdn.com/static/np/p/1759d939e9ea71815a82b65851324c5c.png_720x720q80.png_.webp,Acer Swift Go 14 2024 (Intel Core Ultra 5 125H Processor | 16GB RAM | 512GB SSD | Intel Arc Graphics | 14-inch WQXGA+ 2.8K IPS Display | AI Integrated,"Rs. 110,210",0,No Ratings,
https://www.daraz.com.np/products/lenovo-ideapad-slim-3-15amn8-amd-ryzen-5-7520u-processor-8gb-ram-512gb-ssd-156-fhd-1920-x-1080-ips-display-i154557546.html,https://img.drz.lazcdn.com/static/np/p/c852e25b1d02fdfabf872730da606d57.png_720x720q80.png_.webp,"Lenovo IdeaPad Slim 3 15AMN8 (AMD Ryzen 5 7520U Processor | 8GB RAM | 512GB SSD | 15.6"" FHD (1920 x 1080) IPS Display","Rs. 59,500",0,No Ratings,
https://www.daraz.com.np/products/dell-vostro-3520-i3-1215u-6-cores-8gb-ram512gb-ssd156-display-i128111415.html,https://img.drz.lazcdn.com/static/np/p/8b5341dead82b67a871e53cd94fe103c.jpg_720x720q80.jpg_.webp,Dell Vostro 3520 I3-1215U (6 cores) 8GB RAM/512GB SSD/15.6 Display,"Rs. 52,998",0,No Ratings,Brand: No Brand; SKU: 128111415_NP-1035204070; Display Size: 15.6 Inch; Operating System: Windows; CPU Cores: Octa Core; Ram Memory: 8GB; Storage Capacity: 512GB; Processor: Intel Core i3; Generation: 12th
https://www.daraz.com.np/products/dell-latitude-e7490-corei7-8th-gen-8gb-256gb-14backlit-keyboard-i113690587.html,https://img.drz.lazcdn.com/static/np/p/2c857d91eab4c9c4e9ef1d1efdbfb2d0.png_720x720q80.png_.webp,Dell Latitude e7490 Corei7 8th Gen 8gb 256gb 14”Backlit Keyboard,"Rs. 55,000",0,No Ratings,Brand: No Brand; SKU: 113690587_NP-1030940313; Generation: 8th; CPU Cores: Quad Core; Wireless Connectivity: Cellular (3G/4G); Processor: Intel Core i7; Model No.: dell e7490; Ram Memory: 8GB; Operating System: Windows 10; Storage Capacity: 256GB; Touch: No; Storage Type: SSD; Touch Pad: Yes; Display Size: 14 Inch
https://www.daraz.com.np/products/dell-vostro-3510-i5-11-gen-8-gb-ddr4-ram-256-gb-ssd-240-ghz-to-420-ghz-i127990535.html,https://img.drz.lazcdn.com/static/np/p/63317a46a6aeec836b9b32c5b42e8da1.jpg_720x720q80.jpg_.webp,"Dell Vostro 3510 I5 11 Gen, 8 Gb Ddr4 Ram, 256 Gb Ssd, 2.40 Ghz To 4.20 Ghz","Rs. 66,000",0,No Ratings,Brand: No Brand; SKU: 127990535_NP-1036036631; Wireless Connectivity: WIFI + Bluetooth; Display Size: 15.6 Inch; Operating System: Windows; CPU Cores: Quad Core; Ram Memory: 8GB; Model No.: Vostro 3510; Touch Pad: Yes; Storage Capacity: 250GB; Processor: Intel Core i5; Storage Type: SSD
https://www.daraz.com.np/products/hp-victus-ryzen-5-7535hs-8gb-512gb-ssd-rtx-2050-4gb-156-fhd-144hz-i154212435.html,https://img.drz.lazcdn.com/static/np/p/12fee4b0271859468eb9622490be1a47.jpg_720x720q80.jpg_.webp,HP Victus Ryzen 5 7535HS 8GB 512GB SSD RTX 2050 4GB 15.6″ FHD 144Hz,"Rs. 110,000",0,No Ratings,Brand: No Brand; SKU: 154212435_NP-1112487023; Display Size: Not Specified; Operating System: Windows; Processor: AMD; Generation: 13th
